Threshold,Precision,Recall,F1,F2,TP,FP,FN,TN,Intervention_Cost,Missed_Churn_Cost,Total_Cost
0.05,0.3475783475783476,0.9786096256684492,0.5129642606867554,0.717928599450765,366,687,8,348,10530,800,11330
0.06,0.35960591133004927,0.9759358288770054,0.5255579553635709,0.7268020708880923,365,650,9,385,10150,900,11050
0.07,0.37029501525940994,0.9732620320855615,0.5364775239498895,0.7341670028237193,364,619,10,416,9830,1000,10830
0.08,0.38,0.9652406417112299,0.5453172205438066,0.7379394930498774,361,589,13,446,9500,1300,10800
0.09,0.39021739130434785,0.9598930481283422,0.5548686244204019,0.7429635761589404,359,561,15,474,9200,1500,10700
0.1,0.39776536312849164,0.9518716577540107,0.5610717100078803,0.7444583856127144,356,539,18,496,8950,1800,10750
0.11,0.40804597701149425,0.9491978609625669,0.5707395498392283,0.7502113271344041,355,515,19,520,8700,1900,10600
0.12,0.4195470798569726,0.9411764705882353,0.5803792250618302,0.7537473233404711,352,487,22,548,8390,2200,10590
0.13,0.4252450980392157,0.9278074866310161,0.5831932773109244,0.7504325259515571,347,469,27,566,8160,2700,10860
0.14,0.4334170854271357,0.9224598930481284,0.5897435897435898,0.7526178010471204,345,451,29,584,7960,2900,10860
0.15,0.4398447606727037,0.9090909090909091,0.5928509154315605,0.749228735125606,340,433,34,602,7730,3400,11130
0.16,0.4448871181938911,0.8957219251336899,0.5944986690328306,0.7447754557581148,335,418,39,617,7530,3900,11430
0.17,0.4506849315068493,0.8796791443850267,0.5960144927536232,0.7389937106918238,329,401,45,634,7300,4500,11800
0.18,0.45518207282913165,0.8689839572192514,0.5974264705882353,0.7352941176470589,325,389,49,646,7140,4900,12040
0.19,0.4644412191582003,0.8556149732620321,0.6020696142991533,0.7322654462242563,320,369,54,666,6890,5400,12290
0.2,0.47313432835820896,0.8475935828877005,0.60727969348659,0.7317636195752539,317,353,57,682,6700,5700,12400
0.21,0.4815950920245399,0.839572192513369,0.6120857699805068,0.7309124767225326,314,338,60,697,6520,6000,12520
0.22,0.49056603773584906,0.8342245989304813,0.6178217821782178,0.7317073170731707,312,324,62,711,6360,6200,12560
0.23,0.496,0.8288770053475936,0.6206206206206206,0.7307873644507308,310,315,64,720,6250,6400,12650
0.24,0.504885993485342,0.8288770053475936,0.6275303643724697,0.7345971563981043,310,304,64,731,6140,6400,12540
0.25,0.5074875207986689,0.8155080213903744,0.6256410256410256,0.7272293752980449,305,296,69,739,6010,6900,12910
0.26,0.5042444821731749,0.7941176470588235,0.616822429906542,0.7122302158273381,297,292,77,743,5890,7700,13590
0.27,0.5138888888888888,0.7914438502673797,0.6231578947368421,0.7142857142857143,296,280,78,755,5760,7800,13560
0.28,0.5202108963093146,0.7914438502673797,0.6277836691410392,0.7167070217917676,296,273,78,762,5690,7800,13490
0.29,0.5249110320284698,0.7887700534759359,0.6303418803418803,0.716715257531584,295,267,79,768,5620,7900,13520
0.3,0.5266055045871559,0.767379679144385,0.6245919477693145,0.7030867221950025,287,258,87,777,5450,8700,14150
0.31,0.5315985130111525,0.7647058823529411,0.6271929824561403,0.7030481809242871,286,252,88,783,5380,8800,14180
0.32,0.5477582846003899,0.7513368983957219,0.6335963923337091,0.6993529118964659,281,232,93,803,5130,9300,14430
0.33,0.556,0.7433155080213903,0.6361556064073226,0.6963927855711423,278,222,96,813,5000,9600,14600
0.34,0.5684647302904564,0.732620320855615,0.6401869158878505,0.6926188068756319,274,208,100,827,4820,10000,14820
0.35,0.5778251599147122,0.7245989304812834,0.6429418742586003,0.6895674300254453,271,198,103,837,4690,10300,14990
0.36,0.5758241758241758,0.7005347593582888,0.632086851628468,0.6714505381855459,262,193,112,842,4550,11200,15750
0.37,0.5736961451247166,0.6764705882352942,0.6208588957055214,0.6530717604543108,253,188,121,847,4410,12100,16510
0.38,0.5841121495327103,0.6684491978609626,0.6234413965087282,0.6496881496881497,250,178,124,857,4280,12400,16680
0.39,0.5885167464114832,0.6577540106951871,0.6212121212121212,0.6426332288401254,246,172,128,863,4180,12800,16980
0.4,0.5921375921375921,0.6443850267379679,0.617157490396927,0.6332107199159223,241,166,133,869,4070,13300,17370
0.41,0.6025316455696202,0.6363636363636364,0.6189856957087126,0.6292966684294025,238,157,136,878,3950,13600,17550
0.42,0.6068601583113457,0.6149732620320856,0.6108897742363878,0.6133333333333333,230,149,144,886,3790,14400,18190
0.43,0.6114130434782609,0.6016042780748663,0.6064690026954178,0.6035407725321889,225,143,149,892,3680,14900,18580
0.44,0.6221590909090909,0.5855614973262032,0.6033057851239669,0.5925324675324676,219,133,155,902,3520,15500,19020
0.45,0.640117994100295,0.5802139037433155,0.6086956521739131,0.5912806539509536,217,122,157,913,3390,15700,19090
0.46,0.6605504587155964,0.5775401069518716,0.6162624821683309,0.5924300603400987,216,111,158,924,3270,15800,19070
0.47,0.6625,0.5668449197860963,0.6109510086455331,0.5837004405286343,212,108,162,927,3200,16200,19400
0.48,0.6622950819672131,0.5401069518716578,0.5949926362297496,0.560799555802332,202,103,172,932,3050,17200,20250
0.49,0.6655518394648829,0.5320855614973262,0.5913818722139673,0.5543175487465181,199,100,175,935,2990,17500,20490
0.5,0.6724137931034483,0.5213903743315508,0.5873493975903614,0.5459126539753639,195,95,179,940,2900,17900,20800
